[
  {
    "value": "currentRating",
    "synonyms": [
      "current_Rating",
      "current rating"
    ]
  },
  {
    "value": "1.0",
    "synonyms": [
      "1.0",
      "1",
      "one"
    ]
  },
  {
    "value": "1.5",
    "synonyms": [
      "1.5",
      "one point five",
      "1.1",
      "1.2",
      "1.3",
      "1.4"
    ]
  },
  {
    "value": "2.0",
    "synonyms": [
      "2.0",
      "two",
      "1.6",
      "1.7",
      "1.8",
      "1.9",
      "2",
      "two point zero",
      "two point o"
    ]
  },
  {
    "value": "2.5",
    "synonyms": [
      "2.5",
      "two point five",
      "2.1",
      "2.2",
      "2.3",
      "2.4"
    ]
  },
  {
    "value": "3.0",
    "synonyms": [
      "3.0",
      "three",
      "2.6",
      "2.7",
      "2.8",
      "2.9",
      "3"
    ]
  },
  {
    "value": "3.5",
    "synonyms": [
      "3.5",
      "three point five",
      "3.1",
      "3.2",
      "3.3",
      "3.4"
    ]
  },
  {
    "value": "4.0",
    "synonyms": [
      "4.0",
      "four",
      "3.6",
      "3.7",
      "3.8",
      "3.9",
      "4"
    ]
  },
  {
    "value": "4.5",
    "synonyms": [
      "4.5",
      "four point five",
      "4.1",
      "4.2",
      "4.3",
      "4.4"
    ]
  },
  {
    "value": "5.0",
    "synonyms": [
      "5.0",
      "five",
      "4.6",
      "4.7",
      "4.8",
      "4.9",
      "5"
    ]
  }
]