[
  {
    "value": "Acai Bowls",
    "synonyms": [
      "Acai Bowls",
      "Acai"
    ]
  },
  {
    "value": "Afghan",
    "synonyms": [
      "Afghan"
    ]
  },
  {
    "value": "African",
    "synonyms": [
      "African"
    ]
  },
  {
    "value": "American (Traditional)",
    "synonyms": [
      "American",
      "USA"
    ]
  },
  {
    "value": "Antiques",
    "synonyms": [
      "Antiques"
    ]
  },
  {
    "value": "Arabian",
    "synonyms": [
      "Arabian",
      "Arab"
    ]
  },
  {
    "value": "Argentine",
    "synonyms": [
      "Argentine",
      "Argentina"
    ]
  },
  {
    "value": "Asian Fusion",
    "synonyms": [
      "Asian Fusion",
      "Asian"
    ]
  },
  {
    "value": "Australian",
    "synonyms": [
      "Australian",
      "Australia"
    ]
  },
  {
    "value": "Bagels",
    "synonyms": [
      "Bagels",
      "Bagel"
    ]
  },
  {
    "value": "Bakeries",
    "synonyms": [
      "Bakeries",
      "Bakery",
      "bread",
      "donut"
    ]
  },
  {
    "value": "Bangladeshi",
    "synonyms": [
      "Bangladeshi",
      "Bangladesh"
    ]
  },
  {
    "value": "Barbeque",
    "synonyms": [
      "Barbeque",
      "BBQ",
      "barbecue"
    ]
  },
  {
    "value": "Bars",
    "synonyms": [
      "Bars",
      "Bar"
    ]
  },
  {
    "value": "Beer Bar",
    "synonyms": [
      "Beer Bar",
      "Beer"
    ]
  },
  {
    "value": "Belgian",
    "synonyms": [
      "Belgian",
      "Belgium"
    ]
  },
  {
    "value": "Bistros",
    "synonyms": [
      "Bistros",
      "Bistro"
    ]
  },
  {
    "value": "Brasseries",
    "synonyms": [
      "Brasseries",
      "Brassery"
    ]
  },
  {
    "value": "Brazilian",
    "synonyms": [
      "Brazilian",
      "Brazil"
    ]
  },
  {
    "value": "Breakfast \u0026 Brunch",
    "synonyms": [
      "Breakfast \u0026 Brunch",
      "Breakfast",
      "Brunch"
    ]
  },
  {
    "value": "Breweries",
    "synonyms": [
      "Breweries",
      "Brewrie"
    ]
  },
  {
    "value": "Brewpubs",
    "synonyms": [
      "Brewpubs"
    ]
  },
  {
    "value": "British",
    "synonyms": [
      "British",
      "UK",
      "Britain"
    ]
  },
  {
    "value": "Bubble Tea",
    "synonyms": [
      "Bubble Tea",
      "Bubble"
    ]
  },
  {
    "value": "Buffets",
    "synonyms": [
      "Buffets",
      "Buffet"
    ]
  },
  {
    "value": "Burgers",
    "synonyms": [
      "Burgers",
      "Burger",
      "Hamburger"
    ]
  },
  {
    "value": "Butcher",
    "synonyms": [
      "Butcher"
    ]
  },
  {
    "value": "Cafes",
    "synonyms": [
      "Cafes",
      "Cafe"
    ]
  },
  {
    "value": "Cajun/Creole",
    "synonyms": [
      "Cajun/Creole",
      "Cajun",
      "Creole"
    ]
  },
  {
    "value": "Cambodian",
    "synonyms": [
      "Cambodian",
      "Cambodia"
    ]
  },
  {
    "value": "Canadian (New)",
    "synonyms": [
      "Canadian",
      "Canada"
    ]
  },
  {
    "value": "Cannabis Clinics",
    "synonyms": [
      "Cannabis Clinics",
      "Cannabis"
    ]
  },
  {
    "value": "Cantonese",
    "synonyms": [
      "Cantonese",
      "Canto"
    ]
  },
  {
    "value": "Caribbean",
    "synonyms": [
      "Caribbean"
    ]
  },
  {
    "value": "Caterers",
    "synonyms": [
      "Caterers",
      "Cater"
    ]
  },
  {
    "value": "Champagne Bars",
    "synonyms": [
      "Champagne Bars",
      "Champagne"
    ]
  },
  {
    "value": "Cheese Shops",
    "synonyms": [
      "Cheese Shops",
      "Cheese"
    ]
  },
  {
    "value": "Cheesesteaks",
    "synonyms": [
      "Cheesesteaks"
    ]
  },
  {
    "value": "Chicken Shop",
    "synonyms": [
      "Chicken Shop"
    ]
  },
  {
    "value": "Chicken Wings",
    "synonyms": [
      "Chicken Wings",
      "Wings"
    ]
  },
  {
    "value": "Chinese",
    "synonyms": [
      "Chinese",
      "China",
      "rice"
    ]
  },
  {
    "value": "Chocolatiers \u0026 Shops",
    "synonyms": [
      "Chocolatiers \u0026 Shops",
      "Chocolate",
      "Chocolatiers"
    ]
  },
  {
    "value": "Cideries",
    "synonyms": [
      "Cideries",
      "Cider"
    ]
  },
  {
    "value": "Cocktail Bars",
    "synonyms": [
      "Cocktail Bars",
      "Cocktail"
    ]
  },
  {
    "value": "Coffee \u0026 Tea",
    "synonyms": [
      "Coffee",
      "Tea",
      "Coffee and Tea"
    ]
  },
  {
    "value": "Coffee Roasteries",
    "synonyms": [
      "Coffee Roasteries",
      "Roasteries"
    ]
  },
  {
    "value": "Colombian",
    "synonyms": [
      "Colombian",
      "Colombia"
    ]
  },
  {
    "value": "Comedy Clubs",
    "synonyms": [
      "Comedy Clubs"
    ]
  },
  {
    "value": "Comfort Food",
    "synonyms": [
      "Comfort Food"
    ]
  },
  {
    "value": "Cooking Classes",
    "synonyms": [
      "Cooking Classes"
    ]
  },
  {
    "value": "Creperies",
    "synonyms": [
      "Creperies",
      "Crepery"
    ]
  },
  {
    "value": "Cuban",
    "synonyms": [
      "Cuban",
      "Cuba"
    ]
  },
  {
    "value": "Custom Cakes",
    "synonyms": [
      "Custom Cakes",
      "Custom Cake",
      "Customized Cake"
    ]
  },
  {
    "value": "Czech",
    "synonyms": [
      "Czech"
    ]
  },
  {
    "value": "Dance Clubs",
    "synonyms": [
      "Dance Clubs"
    ]
  },
  {
    "value": "Delicatessen",
    "synonyms": [
      "Delicatessen"
    ]
  },
  {
    "value": "Delis",
    "synonyms": [
      "Delis",
      "Deli"
    ]
  },
  {
    "value": "Desserts",
    "synonyms": [
      "Desserts",
      "Dessert"
    ]
  },
  {
    "value": "Dim Sum",
    "synonyms": [
      "Dim Sum"
    ]
  },
  {
    "value": "Diners",
    "synonyms": [
      "Diners"
    ]
  },
  {
    "value": "Dinner Theater",
    "synonyms": [
      "Dinner Theater"
    ]
  },
  {
    "value": "Dive Bars",
    "synonyms": [
      "Dive Bars"
    ]
  },
  {
    "value": "Do-It-Yourself Food",
    "synonyms": [
      "Do-It-Yourself Food",
      "DIY"
    ]
  },
  {
    "value": "Donairs",
    "synonyms": [
      "Donairs"
    ]
  },
  {
    "value": "Donuts",
    "synonyms": [
      "Donuts",
      "Donut"
    ]
  },
  {
    "value": "Egyptian",
    "synonyms": [
      "Egyptian",
      "Egypt"
    ]
  },
  {
    "value": "Ethiopian",
    "synonyms": [
      "Ethiopian"
    ]
  },
  {
    "value": "Falafel",
    "synonyms": [
      "Falafel"
    ]
  },
  {
    "value": "Farmers Market",
    "synonyms": [
      "Farmers Market",
      "Farmer"
    ]
  },
  {
    "value": "Fast Food",
    "synonyms": [
      "Fast Food",
      "fast"
    ]
  },
  {
    "value": "Festivals",
    "synonyms": [
      "Festivals"
    ]
  },
  {
    "value": "Filipino",
    "synonyms": [
      "Filipino",
      "Philippines",
      "Philippine"
    ]
  },
  {
    "value": "Fish \u0026 Chips",
    "synonyms": [
      "Fish \u0026 Chips",
      "Fish",
      "Chip",
      "Chips"
    ]
  },
  {
    "value": "Florists",
    "synonyms": [
      "Florists"
    ]
  },
  {
    "value": "Food Court",
    "synonyms": [
      "Food Court"
    ]
  },
  {
    "value": "Food Delivery Services",
    "synonyms": [
      "Food Delivery Services"
    ]
  },
  {
    "value": "Food Stands",
    "synonyms": [
      "Food Stands"
    ]
  },
  {
    "value": "Food Trucks",
    "synonyms": [
      "Food Trucks",
      "Trucks"
    ]
  },
  {
    "value": "French",
    "synonyms": [
      "French"
    ]
  },
  {
    "value": "Fruits \u0026 Veggies",
    "synonyms": [
      "Fruits \u0026 Veggies",
      "Fruits",
      "Veggies"
    ]
  },
  {
    "value": "Gastropubs",
    "synonyms": [
      "Gastropubs"
    ]
  },
  {
    "value": "Gay Bars",
    "synonyms": [
      "Gay Bars"
    ]
  },
  {
    "value": "German",
    "synonyms": [
      "German"
    ]
  },
  {
    "value": "Gluten-Free",
    "synonyms": [
      "Gluten-Free"
    ]
  },
  {
    "value": "Greek",
    "synonyms": [
      "Greek"
    ]
  },
  {
    "value": "Hakka",
    "synonyms": [
      "Hakka"
    ]
  },
  {
    "value": "Halal",
    "synonyms": [
      "Halal"
    ]
  },
  {
    "value": "Hawaiian",
    "synonyms": [
      "Hawaiian",
      "Hawaii"
    ]
  },
  {
    "value": "Health Markets",
    "synonyms": [
      "Health Markets"
    ]
  },
  {
    "value": "Himalayan/Nepalese",
    "synonyms": [
      "Himalayan/Nepalese",
      "Himalayan",
      "Nepalese"
    ]
  },
  {
    "value": "Hong Kong Style Cafe",
    "synonyms": [
      "Hong Kong Style Cafe",
      "Hong Kong Cafe"
    ]
  },
  {
    "value": "Hookah Bars",
    "synonyms": [
      "Hookah Bars",
      "Hookah"
    ]
  },
  {
    "value": "Hot Dogs",
    "synonyms": [
      "Hot Dogs"
    ]
  },
  {
    "value": "Hot Pot",
    "synonyms": [
      "Hot Pot",
      "Pot",
      "Spicy"
    ]
  },
  {
    "value": "Hungarian",
    "synonyms": [
      "Hungarian"
    ]
  },
  {
    "value": "Ice Cream \u0026 Frozen Yogurt",
    "synonyms": [
      "Ice Cream \u0026 Frozen Yogurt",
      "Ice Cream",
      "Yogurt",
      "Frozen Yogurt"
    ]
  },
  {
    "value": "Imported Food",
    "synonyms": [
      "Imported Food",
      "Imported"
    ]
  },
  {
    "value": "Indian",
    "synonyms": [
      "Indian",
      "India"
    ]
  },
  {
    "value": "Indonesian",
    "synonyms": [
      "Indonesian",
      "Indonesia"
    ]
  },
  {
    "value": "International",
    "synonyms": [
      "International"
    ]
  },
  {
    "value": "Irish",
    "synonyms": [
      "Irish"
    ]
  },
  {
    "value": "Irish Pub",
    "synonyms": [
      "Irish Pub"
    ]
  },
  {
    "value": "Italian",
    "synonyms": [
      "Italian",
      "Italy"
    ]
  },
  {
    "value": "Japanese",
    "synonyms": [
      "Japanese",
      "Japan"
    ]
  },
  {
    "value": "Jazz \u0026 Blues",
    "synonyms": [
      "Jazz \u0026 Blues",
      "Jazz"
    ]
  },
  {
    "value": "Juice Bars \u0026 Smoothies",
    "synonyms": [
      "Juice Bars \u0026 Smoothies",
      "Juice",
      "Smoothies",
      "Smoothie"
    ]
  },
  {
    "value": "Kebab",
    "synonyms": [
      "Kebab"
    ]
  },
  {
    "value": "Korean",
    "synonyms": [
      "Korean",
      "Korea"
    ]
  },
  {
    "value": "Kosher",
    "synonyms": [
      "Kosher"
    ]
  },
  {
    "value": "Laotian",
    "synonyms": [
      "Laotian",
      "Lao"
    ]
  },
  {
    "value": "Latin American",
    "synonyms": [
      "Latin American",
      "Latin"
    ]
  },
  {
    "value": "Lebanese",
    "synonyms": [
      "Lebanese"
    ]
  },
  {
    "value": "Live/Raw Food",
    "synonyms": [
      "Live/Raw Food",
      "Raw Food",
      "Raw meat",
      "Raw",
      "Live"
    ]
  },
  {
    "value": "Lounges",
    "synonyms": [
      "Lounges"
    ]
  },
  {
    "value": "Macarons",
    "synonyms": [
      "Macarons"
    ]
  },
  {
    "value": "Malaysian",
    "synonyms": [
      "Malaysian"
    ]
  },
  {
    "value": "Meat Shops",
    "synonyms": [
      "Meat Shops",
      "Meat"
    ]
  },
  {
    "value": "Mediterranean",
    "synonyms": [
      "Mediterranean"
    ]
  },
  {
    "value": "Mexican",
    "synonyms": [
      "Mexican",
      "Mexico"
    ]
  },
  {
    "value": "Middle Eastern",
    "synonyms": [
      "Middle Eastern"
    ]
  },
  {
    "value": "Modern European",
    "synonyms": [
      "Modern European",
      "European",
      "Europe"
    ]
  },
  {
    "value": "Mongolian",
    "synonyms": [
      "Mongolian",
      "Mongolia"
    ]
  },
  {
    "value": "Moroccan",
    "synonyms": [
      "Moroccan",
      "Morocco"
    ]
  },
  {
    "value": "Nicaraguan",
    "synonyms": [
      "Nicaraguan"
    ]
  },
  {
    "value": "Nightlife",
    "synonyms": [
      "Nightlife"
    ]
  },
  {
    "value": "Noodles",
    "synonyms": [
      "Noodles",
      "Noodle"
    ]
  },
  {
    "value": "Organic Stores",
    "synonyms": [
      "Organic Stores",
      "Organic"
    ]
  },
  {
    "value": "Pakistani",
    "synonyms": [
      "Pakistani",
      "Pakistan"
    ]
  },
  {
    "value": "Pan Asian",
    "synonyms": [
      "Pan Asian"
    ]
  },
  {
    "value": "Patisserie/Cake Shop",
    "synonyms": [
      "Patisserie/Cake Shop",
      "Patisserie",
      "Cake"
    ]
  },
  {
    "value": "Persian/Iranian",
    "synonyms": [
      "Persian/Iranian",
      "Persian",
      "Iranian",
      "Iran"
    ]
  },
  {
    "value": "Peruvian",
    "synonyms": [
      "Peruvian",
      "Peru"
    ]
  },
  {
    "value": "Pizza",
    "synonyms": [
      "Pizza"
    ]
  },
  {
    "value": "Poke",
    "synonyms": [
      "Poke"
    ]
  },
  {
    "value": "Polish",
    "synonyms": [
      "Polish"
    ]
  },
  {
    "value": "Portuguese",
    "synonyms": [
      "Portuguese",
      "Portugual"
    ]
  },
  {
    "value": "Poutineries",
    "synonyms": [
      "Poutineries",
      "Poutine"
    ]
  },
  {
    "value": "Pubs",
    "synonyms": [
      "Pubs",
      "Pub"
    ]
  },
  {
    "value": "Ramen",
    "synonyms": [
      "Ramen",
      "Japanese Noodle"
    ]
  },
  {
    "value": "Restaurants",
    "synonyms": [
      "Restaurants",
      "Restaurant",
      "food"
    ]
  },
  {
    "value": "Reunion",
    "synonyms": [
      "Reunion"
    ]
  },
  {
    "value": "Russian",
    "synonyms": [
      "Russian",
      "Russia"
    ]
  },
  {
    "value": "Salad",
    "synonyms": [
      "Salad"
    ]
  },
  {
    "value": "Salvadoran",
    "synonyms": [
      "Salvadoran",
      "Salvadore"
    ]
  },
  {
    "value": "Internet Cafes",
    "synonyms": [
      "Internet Cafes",
      "Internet Cafe"
    ]
  },
  {
    "value": "Music Venues",
    "synonyms": [
      "Music Venues"
    ]
  },
  {
    "value": "Sandwiches",
    "synonyms": [
      "Sandwiches"
    ]
  },
  {
    "value": "Scottish",
    "synonyms": [
      "Scottish"
    ]
  },
  {
    "value": "Seafood",
    "synonyms": [
      "Seafood"
    ]
  },
  {
    "value": "Seafood Markets",
    "synonyms": [
      "Seafood Markets"
    ]
  },
  {
    "value": "Shaved Snow",
    "synonyms": [
      "Shaved Snow"
    ]
  },
  {
    "value": "Shopping",
    "synonyms": [
      "Shopping"
    ]
  },
  {
    "value": "Singaporean",
    "synonyms": [
      "Singaporean"
    ]
  },
  {
    "value": "Slovakian",
    "synonyms": [
      "Slovakian"
    ]
  },
  {
    "value": "Smokehouse",
    "synonyms": [
      "Smokehouse"
    ]
  },
  {
    "value": "Social Clubs",
    "synonyms": [
      "Social Clubs"
    ]
  },
  {
    "value": "Soul Food",
    "synonyms": [
      "Soul Food"
    ]
  },
  {
    "value": "Soup",
    "synonyms": [
      "Soup"
    ]
  },
  {
    "value": "South African",
    "synonyms": [
      "South African"
    ]
  },
  {
    "value": "Southern",
    "synonyms": [
      "Southern"
    ]
  },
  {
    "value": "Spanish",
    "synonyms": [
      "Spanish"
    ]
  },
  {
    "value": "Specialty Food",
    "synonyms": [
      "Specialty Food"
    ]
  },
  {
    "value": "Sports Bars",
    "synonyms": [
      "Sports Bars"
    ]
  },
  {
    "value": "Sports Clubs",
    "synonyms": [
      "Sports Clubs"
    ]
  },
  {
    "value": "Sri Lankan",
    "synonyms": [
      "Sri Lankan"
    ]
  },
  {
    "value": "Steakhouses",
    "synonyms": [
      "Steakhouses",
      "Steak"
    ]
  },
  {
    "value": "Street Vendors",
    "synonyms": [
      "Street Vendors",
      "Street Food"
    ]
  },
  {
    "value": "Supper Clubs",
    "synonyms": [
      "Supper Clubs"
    ]
  },
  {
    "value": "Sushi Bars",
    "synonyms": [
      "Sushi Bars",
      "Sushi"
    ]
  },
  {
    "value": "Syrian",
    "synonyms": [
      "Syrian"
    ]
  },
  {
    "value": "Tabletop Games",
    "synonyms": [
      "Tabletop Games"
    ]
  },
  {
    "value": "Taiwanese",
    "synonyms": [
      "Taiwanese",
      "Taiwan"
    ]
  },
  {
    "value": "Tapas Bars",
    "synonyms": [
      "Tapas Bars"
    ]
  },
  {
    "value": "Tapas/Small Plates",
    "synonyms": [
      "Tapas/Small Plates",
      "Tapas",
      "Small plates"
    ]
  },
  {
    "value": "Tea Rooms",
    "synonyms": [
      "Tea Rooms"
    ]
  },
  {
    "value": "Tex-Mex",
    "synonyms": [
      "Tex-Mex"
    ]
  },
  {
    "value": "Thai",
    "synonyms": [
      "Thai"
    ]
  },
  {
    "value": "Tiki Bars",
    "synonyms": [
      "Tiki Bars",
      "Tiki"
    ]
  },
  {
    "value": "Turkish",
    "synonyms": [
      "Turkish",
      "Turkey"
    ]
  },
  {
    "value": "Ukrainian",
    "synonyms": [
      "Ukrainian",
      "Ukrain"
    ]
  },
  {
    "value": "Vegan",
    "synonyms": [
      "Vegan",
      "begging",
      "legal"
    ]
  },
  {
    "value": "Vegetarian",
    "synonyms": [
      "Vegetarian"
    ]
  },
  {
    "value": "Venezuelan",
    "synonyms": [
      "Venezuelan"
    ]
  },
  {
    "value": "Venues \u0026 Event Spaces",
    "synonyms": [
      "Venues \u0026 Event Spaces"
    ]
  },
  {
    "value": "Vietnamese",
    "synonyms": [
      "Vietnamese"
    ]
  },
  {
    "value": "Waffles",
    "synonyms": [
      "Waffles"
    ]
  },
  {
    "value": "Whiskey Bars",
    "synonyms": [
      "Whiskey Bars"
    ]
  },
  {
    "value": "Wine Bars",
    "synonyms": [
      "Wine Bars"
    ]
  },
  {
    "value": "Austrian",
    "synonyms": [
      "Austrian"
    ]
  },
  {
    "value": "Karaoke",
    "synonyms": [
      "Karaoke",
      "KTV"
    ]
  },
  {
    "value": "Pool Halls",
    "synonyms": [
      "Pool Halls"
    ]
  }
]