[
  {
    "value": "closer",
    "synonyms": [
      "closer",
      "too far",
      "too further away",
      "near"
    ]
  },
  {
    "value": "further",
    "synonyms": [
      "further",
      "too close"
    ]
  },
  {
    "value": "1.0",
    "synonyms": [
      "1.0",
      "one",
      "1"
    ]
  },
  {
    "value": "2.0",
    "synonyms": [
      "2.0",
      "two",
      "2"
    ]
  },
  {
    "value": "3.0",
    "synonyms": [
      "3.0",
      "three",
      "3"
    ]
  },
  {
    "value": "4.0",
    "synonyms": [
      "4.0",
      "four",
      "4"
    ]
  },
  {
    "value": "5.0",
    "synonyms": [
      "5.0",
      "five",
      "5"
    ]
  },
  {
    "value": "6.0",
    "synonyms": [
      "6.0",
      "six",
      "6"
    ]
  },
  {
    "value": "7.0",
    "synonyms": [
      "7.0",
      "seven",
      "7"
    ]
  },
  {
    "value": "8.0",
    "synonyms": [
      "8.0",
      "eight",
      "8"
    ]
  },
  {
    "value": "9.0",
    "synonyms": [
      "9.0",
      "nine",
      "9"
    ]
  },
  {
    "value": "10.0",
    "synonyms": [
      "10.0",
      "ten",
      "10"
    ]
  },
  {
    "value": "0.1",
    "synonyms": [
      "0.1"
    ]
  },
  {
    "value": "0.2",
    "synonyms": [
      "0.2"
    ]
  },
  {
    "value": "0.3",
    "synonyms": [
      "0.3"
    ]
  },
  {
    "value": "0.4",
    "synonyms": [
      "0.4"
    ]
  },
  {
    "value": "0.5",
    "synonyms": [
      "0.5"
    ]
  },
  {
    "value": "0.6",
    "synonyms": [
      "0.6"
    ]
  },
  {
    "value": "0.7",
    "synonyms": [
      "0.7"
    ]
  },
  {
    "value": "0.8",
    "synonyms": [
      "0.8"
    ]
  },
  {
    "value": "0.9",
    "synonyms": [
      "0.9"
    ]
  }
]