[
  {
    "value": "r_BrIgzYcwo1NAuG9dLbpg",
    "synonyms": [
      "1"
    ]
  },
  {
    "value": "aLcFhMe6DDJ430zelCpd2A",
    "synonyms": [
      "2"
    ]
  },
  {
    "value": "RtUvSWO_UZ8V3Wpj0n077w",
    "synonyms": [
      "3"
    ]
  },
  {
    "value": "iGEvDk6hsizigmXhDKs2Vg",
    "synonyms": [
      "4"
    ]
  },
  {
    "value": "N93EYZy9R0sdlEvubu94ig",
    "synonyms": [
      "5"
    ]
  },
  {
    "value": "zgQHtqX0gqMw1nlBZl2VnQ",
    "synonyms": [
      "zgQHtqX0gqMw1nlBZl2VnQ",
      "6"
    ]
  },
  {
    "value": "B70iTJjcPkuYn8ouUewWgw",
    "synonyms": [
      "Gusto 101",
      "7"
    ]
  },
  {
    "value": "e41TP5cXZqSrz50xCBJqZw",
    "synonyms": [
      "Insomnia Restaurant \u0026 Lounge",
      "8"
    ]
  },
  {
    "value": "f5O7v_X_jCg2itqacRfxhg",
    "synonyms": [
      "Sansotei Ramen",
      "9"
    ]
  },
  {
    "value": "a8pmtlVKf7NiSLI-4KejIw",
    "synonyms": [
      "El Catrin Destileria",
      "10"
    ]
  },
  {
    "value": "h_4dPV9M9aYaBliH1Eoeeg",
    "synonyms": [
      "Wvrst",
      "11"
    ]
  },
  {
    "value": "kOFDVcnj-8fd3doIpCQ06A",
    "synonyms": [
      "Mildred\u0027s Temple Kitchen",
      "12"
    ]
  },
  {
    "value": "Yl2TN9c23ZGLUBSD9ks5Uw",
    "synonyms": [
      "Byblos",
      "13"
    ]
  },
  {
    "value": "k6zmSLmYAquCpJGKNnTgSQ",
    "synonyms": [
      "The Stockyards",
      "14"
    ]
  },
  {
    "value": "_xAJZOKBMPOe47p1MphB2w",
    "synonyms": [
      "Fishman Lobster Clubhouse Restaurant",
      "15"
    ]
  },
  {
    "value": "MS-hfug4QDXqb_Mws3qlzA",
    "synonyms": [
      "Grand Electric",
      "16"
    ]
  },
  {
    "value": "O1TvPrgkK2bUo5O5aSZ7lw",
    "synonyms": [
      "Rol San",
      "17"
    ]
  },
  {
    "value": "nBl_4gw5ecGzNkHyzfii8g",
    "synonyms": [
      "Terroni",
      "18"
    ]
  },
  {
    "value": "KVpvE6pOPM9KMvak4HFsNg",
    "synonyms": [
      "Pizzeria Libretto",
      "19"
    ]
  },
  {
    "value": "fGurvC5BdOfd5MIuLUQYVA",
    "synonyms": [
      "Dumpling House Restaurant",
      "20"
    ]
  },
  {
    "value": "UxWH8zRYIBgs6Q2oykvRdw",
    "synonyms": [
      "Cluny Bistro \u0026 Boulangerie",
      "21"
    ]
  },
  {
    "value": "wSojc-y-d7MWiGWdy8deCg",
    "synonyms": [
      "Barque Smokehouse",
      "22"
    ]
  },
  {
    "value": "RUd_M7DPJq1I3DPq0oF--w",
    "synonyms": [
      "Lahore Tikka House",
      "23"
    ]
  },
  {
    "value": "MhiBpIBNTCAm1Xd3WzRzjQ",
    "synonyms": [
      "Messini Authentic Gyros",
      "24"
    ]
  },
  {
    "value": "oWTn2IzrprsRkPfULtjZtQ",
    "synonyms": [
      "The Burger\u0027s Priest",
      "25"
    ]
  },
  {
    "value": "nHFJtud7jWZhM9dHQ1eIRA",
    "synonyms": [
      "Buk Chang Dong Soon Tofu",
      "26"
    ]
  },
  {
    "value": "Cp3YRVZojrCGeQS41Hf1pw",
    "synonyms": [
      "Pho Hung",
      "27"
    ]
  },
  {
    "value": "UDk7qUVIetK3Y3NuARguqg",
    "synonyms": [
      "Banjara Indian Cuisine",
      "28"
    ]
  },
  {
    "value": "3uIXuw878fNjxZ2Li1diFg",
    "synonyms": [
      "The Hogtown Vegan",
      "29"
    ]
  },
  {
    "value": "q5xrVJ4kivx_yEfJeOKNYQ",
    "synonyms": [
      "Bar Isabel",
      "30"
    ]
  }
]