[
  {
    "value": "yonge_and_finch",
    "synonyms": [
      "Yonge and Finch",
      "yonge and finch",
      "yonge finch",
      "Yonge \u0026 Finch",
      "Yonge_Finch",
      "YongeFinch"
    ]
  },
  {
    "value": "bloor_and_bathurst",
    "synonyms": [
      "Bloor and Bathurst",
      "bloor and bathurst",
      "bloor bathurst",
      "BloorBathurst"
    ]
  },
  {
    "value": "queen_and_spadina",
    "synonyms": [
      "Queen and Spadina",
      "queen and spadina",
      "queen spadina",
      "QueenSpadina"
    ]
  },
  {
    "value": "bloor_and_yonge",
    "synonyms": [
      "Bloor and Yonge",
      "bloor and yonge",
      "bloor yonge",
      "BloorYonge"
    ]
  },
  {
    "value": "dundas_and_yonge",
    "synonyms": [
      "Dundas and Yonge",
      "dundas and yonge",
      "dundas yonge",
      "DundasYonge"
    ]
  },
  {
    "value": "spadina_and_dundas",
    "synonyms": [
      "Spadina and Dundas",
      "spadina and dundas",
      "spadina dundas",
      "SpadinaDundas"
    ]
  }
]