[
  {
    "id": "8782965d-fb3b-4079-91b2-67041efe1cbd",
    "data": [
      {
        "text": "Define fine dining",
        "userDefined": false
      }
    ],
    "isTemplate": false,
    "count": 0,
    "updated": 0
  },
  {
    "id": "abb1e84f-4187-409b-899f-02e5eee75780",
    "data": [
      {
        "text": "Define premium price",
        "userDefined": false
      }
    ],
    "isTemplate": false,
    "count": 0,
    "updated": 0
  },
  {
    "id": "8b556706-3a3c-41c3-9c36-2dd38ff138a0",
    "data": [
      {
        "text": "Define ",
        "userDefined": false
      },
      {
        "text": "price",
        "meta": "@sys.ignore",
        "userDefined": false
      }
    ],
    "isTemplate": false,
    "count": 0,
    "updated": 0
  },
  {
    "id": "34705683-503c-4916-bd1d-c2aa0278137c",
    "data": [
      {
        "text": "Define Inexpensive ",
        "userDefined": false
      },
      {
        "text": "price",
        "meta": "@sys.ignore",
        "userDefined": false
      }
    ],
    "isTemplate": false,
    "count": 1,
    "updated": 0
  }
]