[
  {
    "id": "4fa3f30d-199e-4a98-aaff-2c596a2970cf",
    "data": [
      {
        "text": "I don\u0027t know where to go for dinner",
        "userDefined": false
      }
    ],
    "isTemplate": false,
    "count": 0,
    "updated": 0
  },
  {
    "id": "11401130-6a17-4405-bee7-336299ff82c7",
    "data": [
      {
        "text": "I want food",
        "userDefined": false
      }
    ],
    "isTemplate": false,
    "count": 0,
    "updated": 0
  },
  {
    "id": "a0c8392e-6405-441b-8bfb-17f8a7d8ca0c",
    "data": [
      {
        "text": "Please recommend a restaurant for me",
        "userDefined": false
      }
    ],
    "isTemplate": false,
    "count": 0,
    "updated": 0
  },
  {
    "id": "3b57e3ce-ee20-48b5-852d-42309dc0b059",
    "data": [
      {
        "text": "Find a restaurant to dine",
        "userDefined": false
      }
    ],
    "isTemplate": false,
    "count": 0,
    "updated": 0
  },
  {
    "id": "e78001dd-7194-47f4-966b-1bcc0dfadd79",
    "data": [
      {
        "text": "Find a place to dine",
        "userDefined": false
      }
    ],
    "isTemplate": false,
    "count": 0,
    "updated": 0
  },
  {
    "id": "0e99a21b-98e6-4f14-b2fe-f101ec7de081",
    "data": [
      {
        "text": "Find a place to dine at",
        "userDefined": false
      }
    ],
    "isTemplate": false,
    "count": 0,
    "updated": 0
  },
  {
    "id": "9f281192-d2ad-4292-80b8-c2648c1fe0e2",
    "data": [
      {
        "text": "I want to have dinner",
        "userDefined": false
      }
    ],
    "isTemplate": false,
    "count": 0,
    "updated": 0
  },
  {
    "id": "14a055d4-7b76-49d1-ba76-4926cf91dbec",
    "data": [
      {
        "text": "I am starving",
        "userDefined": false
      }
    ],
    "isTemplate": false,
    "count": 0,
    "updated": 0
  },
  {
    "id": "c1e623af-fe04-4866-b986-c5cbef6af73d",
    "data": [
      {
        "text": "I want to eat",
        "userDefined": false
      }
    ],
    "isTemplate": false,
    "count": 0,
    "updated": 0
  },
  {
    "id": "657e1eb5-6731-42a6-a9e5-0fed98bc5ed4",
    "data": [
      {
        "text": "I am hungry",
        "userDefined": false
      }
    ],
    "isTemplate": false,
    "count": 0,
    "updated": 0
  },
  {
    "id": "52e76565-fd0b-4cdb-b7c7-ee82065f132b",
    "data": [
      {
        "text": "find me something to eat",
        "userDefined": false
      }
    ],
    "isTemplate": false,
    "count": 0,
    "updated": 0
  },
  {
    "id": "680d2f2a-093b-4790-ac43-2b64874700ac",
    "data": [
      {
        "text": "find me a restaurant to eat",
        "userDefined": false
      }
    ],
    "isTemplate": false,
    "count": 0,
    "updated": 0
  },
  {
    "id": "c0e86b1e-951c-478e-82d4-8d2e1bc2d38d",
    "data": [
      {
        "text": "Find me a restaurant",
        "userDefined": false
      }
    ],
    "isTemplate": false,
    "count": 0,
    "updated": 0
  },
  {
    "id": "e668caaa-0fbf-4510-b483-90f71ce94a07",
    "data": [
      {
        "text": "where should I eat nearby",
        "userDefined": false
      }
    ],
    "isTemplate": false,
    "count": 0,
    "updated": 0
  },
  {
    "id": "8e16784d-7db4-4f2c-978a-ad112b23704e",
    "data": [
      {
        "text": "Where should I eat",
        "userDefined": false
      }
    ],
    "isTemplate": false,
    "count": 0,
    "updated": 0
  },
  {
    "id": "98984529-b1b8-4ac5-b100-5bd4cd135eaf",
    "data": [
      {
        "text": "Recommend me something to eat",
        "userDefined": false
      }
    ],
    "isTemplate": false,
    "count": 0,
    "updated": 0
  },
  {
    "id": "0aa51159-8b70-4a31-a815-b19044f46e2c",
    "data": [
      {
        "text": "Give me something to try",
        "userDefined": false
      }
    ],
    "isTemplate": false,
    "count": 0,
    "updated": 0
  },
  {
    "id": "580862c3-0f0a-4747-b64f-99132d1e698e",
    "data": [
      {
        "text": "Recommend me some places to eat",
        "userDefined": false
      }
    ],
    "isTemplate": false,
    "count": 0,
    "updated": 0
  },
  {
    "id": "be1703fe-520e-481e-b25e-cbe5172034d3",
    "data": [
      {
        "text": "Can you give me some restaurant recommendations",
        "userDefined": false
      }
    ],
    "isTemplate": false,
    "count": 0,
    "updated": 0
  },
  {
    "id": "9a2c7225-f6bc-42af-a1df-23a2f2fd67a1",
    "data": [
      {
        "text": "Restaurants, please",
        "userDefined": false
      }
    ],
    "isTemplate": false,
    "count": 0,
    "updated": 0
  },
  {
    "id": "23a80253-7a66-4116-91e1-09a604e8eb08",
    "data": [
      {
        "text": "Dining places",
        "userDefined": false
      }
    ],
    "isTemplate": false,
    "count": 0,
    "updated": 0
  },
  {
    "id": "18172382-7e7e-49a2-8c28-f582f67a7421",
    "data": [
      {
        "text": "Dining places near me",
        "userDefined": false
      }
    ],
    "isTemplate": false,
    "count": 0,
    "updated": 0
  },
  {
    "id": "33c54848-ad3f-4c0e-9e8e-1d4152347f0c",
    "data": [
      {
        "text": "Tell me a restaurant recommendation",
        "userDefined": false
      }
    ],
    "isTemplate": false,
    "count": 0,
    "updated": 0
  },
  {
    "id": "5c75d920-d8ca-48d0-8124-8eba875ac129",
    "data": [
      {
        "text": "Tell me where should I eat",
        "userDefined": false
      }
    ],
    "isTemplate": false,
    "count": 0,
    "updated": 0
  },
  {
    "id": "e0b4e32b-c489-4b54-a531-c9ae4d039f7d",
    "data": [
      {
        "text": "Recommend me a place to eat",
        "userDefined": false
      }
    ],
    "isTemplate": false,
    "count": 0,
    "updated": 0
  },
  {
    "id": "a42e16a9-fb04-4103-846e-28118a408828",
    "data": [
      {
        "text": "What do I like to eat",
        "userDefined": false
      }
    ],
    "isTemplate": false,
    "count": 0,
    "updated": 0
  },
  {
    "id": "bf18c775-3cad-48c3-b666-ec90ffc1e8a8",
    "data": [
      {
        "text": "Where to eat",
        "userDefined": false
      }
    ],
    "isTemplate": false,
    "count": 0,
    "updated": 0
  },
  {
    "id": "d0084159-80c0-4def-b134-99161bbc4bf8",
    "data": [
      {
        "text": "Give me a restaurant recommedation",
        "userDefined": false
      }
    ],
    "isTemplate": false,
    "count": 0,
    "updated": 0
  },
  {
    "id": "9a5db90f-e1c7-4788-b190-978a7fc7a577",
    "data": [
      {
        "text": "What restaurant should I go",
        "userDefined": false
      }
    ],
    "isTemplate": false,
    "count": 0,
    "updated": 0
  },
  {
    "id": "9fcce438-4cb2-44f0-a8bf-d067062941ac",
    "data": [
      {
        "text": "Give me a recommendation",
        "userDefined": false
      }
    ],
    "isTemplate": false,
    "count": 1,
    "updated": 0
  },
  {
    "id": "58e92359-ea68-4310-98b0-5399ce2f2a58",
    "data": [
      {
        "text": "What to eat",
        "userDefined": false
      }
    ],
    "isTemplate": false,
    "count": 0,
    "updated": 0
  },
  {
    "id": "2b1c0910-8731-448b-8ea7-487440a21e0a",
    "data": [
      {
        "text": "Recommend me a restaurant",
        "userDefined": false
      }
    ],
    "isTemplate": false,
    "count": 0,
    "updated": 0
  }
]