[
  {
    "id": "9e493d29-df12-4fa0-99dc-dd8e97298e50",
    "data": [
      {
        "text": "dining preference initialization",
        "userDefined": false
      }
    ],
    "isTemplate": false,
    "count": 0,
    "updated": 0
  },
  {
    "id": "34e859d9-6910-493d-9170-c6df516f2bdd",
    "data": [
      {
        "text": "initialize dining preference",
        "userDefined": false
      }
    ],
    "isTemplate": false,
    "count": 0,
    "updated": 0
  },
  {
    "id": "5932a514-74c5-498a-91b7-6d7a24fba6eb",
    "data": [
      {
        "text": "set up dining preference",
        "userDefined": false
      }
    ],
    "isTemplate": false,
    "count": 0,
    "updated": 0
  },
  {
    "id": "2897f9d6-1bb3-44b0-98ac-d3130b48329d",
    "data": [
      {
        "text": "I want to initialize user preference",
        "userDefined": false
      }
    ],
    "isTemplate": false,
    "count": 0,
    "updated": 0
  },
  {
    "id": "ab8e38f4-b4e5-4687-ad2f-88d2b97e6c5b",
    "data": [
      {
        "text": "I want to set up preferenceI",
        "userDefined": false
      }
    ],
    "isTemplate": false,
    "count": 0,
    "updated": 0
  },
  {
    "id": "ac46dea2-ad72-4689-ac6b-6e4d36e6c662",
    "data": [
      {
        "text": "I want to set up user preference",
        "userDefined": false
      }
    ],
    "isTemplate": false,
    "count": 0,
    "updated": 0
  },
  {
    "id": "796683cb-33d2-4b7c-836a-44bbba03cd02",
    "data": [
      {
        "text": "Preference Initialization",
        "userDefined": false
      }
    ],
    "isTemplate": false,
    "count": 0,
    "updated": 0
  },
  {
    "id": "a47eed24-77c1-41d1-b665-273ca36f7b43",
    "data": [
      {
        "text": "Preference set up",
        "userDefined": false
      }
    ],
    "isTemplate": false,
    "count": 0,
    "updated": 0
  },
  {
    "id": "5998c5a0-e96d-4d4e-9b9d-d1929bf1c9ed",
    "data": [
      {
        "text": "Set up preference",
        "userDefined": false
      }
    ],
    "isTemplate": false,
    "count": 0,
    "updated": 0
  },
  {
    "id": "9fd43510-3d5b-4ec4-8ae4-d7ab215c51f0",
    "data": [
      {
        "text": "set up user preference",
        "userDefined": false
      }
    ],
    "isTemplate": false,
    "count": 0,
    "updated": 0
  },
  {
    "id": "b5e11f98-b960-435a-b909-140bef4a8f8f",
    "data": [
      {
        "text": "initialize user preference",
        "userDefined": false
      }
    ],
    "isTemplate": false,
    "count": 0,
    "updated": 0
  },
  {
    "id": "3ae3c187-e6a9-45da-bbb2-6046e96604dc",
    "data": [
      {
        "text": "initialize user input",
        "userDefined": false
      }
    ],
    "isTemplate": false,
    "count": 0,
    "updated": 0
  },
  {
    "id": "51c459ed-3174-4501-8f3d-1e92fbfff216",
    "data": [
      {
        "text": "I ",
        "userDefined": false
      },
      {
        "text": "want",
        "meta": "@sys.ignore",
        "userDefined": false
      },
      {
        "text": " to initialize user",
        "userDefined": false
      }
    ],
    "isTemplate": false,
    "count": 0,
    "updated": 0
  }
]