[
  {
    "id": "bb6e62a5-19be-4f75-b3e9-3df46232f72f",
    "data": [
      {
        "text": "That looks good, how do I get there?",
        "userDefined": false
      }
    ],
    "isTemplate": false,
    "count": 0,
    "updated": 0
  },
  {
    "id": "370ac41e-0155-4a4e-bf11-71fb2a942b53",
    "data": [
      {
        "text": "that\u0027s ",
        "userDefined": false
      },
      {
        "text": "amazing",
        "alias": "Keyword_confirm",
        "meta": "@Keyword_confirm",
        "userDefined": true
      }
    ],
    "isTemplate": false,
    "count": 0,
    "updated": 0
  },
  {
    "id": "cc8628e5-1aeb-416a-a6c3-f667a744e1cd",
    "data": [
      {
        "text": "looks ",
        "userDefined": false
      },
      {
        "text": "amazing",
        "alias": "Keyword_confirm",
        "meta": "@Keyword_confirm",
        "userDefined": true
      }
    ],
    "isTemplate": false,
    "count": 0,
    "updated": 0
  },
  {
    "id": "6aea0801-6f72-4171-ab8f-c926b521425d",
    "data": [
      {
        "text": "Sure, let\u0027s try it",
        "userDefined": false
      }
    ],
    "isTemplate": false,
    "count": 0,
    "updated": 0
  },
  {
    "id": "2c8fd1e3-4fcd-43f6-83dd-9dd78d9b3092",
    "data": [
      {
        "text": "Sweet",
        "alias": "Keyword_confirm",
        "meta": "@Keyword_confirm",
        "userDefined": true
      },
      {
        "text": ", thank you",
        "userDefined": false
      }
    ],
    "isTemplate": false,
    "count": 0,
    "updated": 0
  },
  {
    "id": "31b86d18-787e-4c2e-ae22-a2730dcaa843",
    "data": [
      {
        "text": "Thanks",
        "alias": "Keyword_confirm",
        "meta": "@Keyword_confirm",
        "userDefined": true
      },
      {
        "text": " for the recommendation",
        "userDefined": false
      }
    ],
    "isTemplate": false,
    "count": 0,
    "updated": 0
  },
  {
    "id": "bb9c2846-4658-45d0-bdfc-fa5ebbb87686",
    "data": [
      {
        "text": "This is ",
        "userDefined": false
      },
      {
        "text": "great",
        "alias": "Keyword_confirm",
        "meta": "@Keyword_confirm",
        "userDefined": true
      },
      {
        "text": ", bye",
        "userDefined": false
      }
    ],
    "isTemplate": false,
    "count": 0,
    "updated": 0
  },
  {
    "id": "6fb654ca-4133-4a25-9666-f6334c15da1d",
    "data": [
      {
        "text": "This is ",
        "userDefined": false
      },
      {
        "text": "nice",
        "alias": "Keyword_confirm",
        "meta": "@Keyword_confirm",
        "userDefined": true
      },
      {
        "text": ", thank you",
        "userDefined": false
      }
    ],
    "isTemplate": false,
    "count": 0,
    "updated": 0
  },
  {
    "id": "106dc534-ee0c-4c72-83cb-7d478bf4a485",
    "data": [
      {
        "text": "This is really ",
        "userDefined": false
      },
      {
        "text": "nice",
        "alias": "Keyword_confirm",
        "meta": "@Keyword_confirm",
        "userDefined": true
      },
      {
        "text": " thank you",
        "userDefined": false
      }
    ],
    "isTemplate": false,
    "count": 0,
    "updated": 0
  },
  {
    "id": "93826971-2010-4501-8942-ed3e296204c6",
    "data": [
      {
        "text": "Quit",
        "userDefined": false
      }
    ],
    "isTemplate": false,
    "count": 0,
    "updated": 0
  },
  {
    "id": "763ea814-ccab-4d31-a1a5-b8ad0213e4bd",
    "data": [
      {
        "text": "I have decided to go to this restaurant, ",
        "userDefined": false
      },
      {
        "text": "thank you",
        "alias": "Keyword_confirm",
        "meta": "@Keyword_confirm",
        "userDefined": true
      }
    ],
    "isTemplate": false,
    "count": 0,
    "updated": 0
  },
  {
    "id": "1e4b9c16-2152-4830-9c92-ca64af67fbd1",
    "data": [
      {
        "text": "I would like to go to this restaurant",
        "userDefined": false
      }
    ],
    "isTemplate": false,
    "count": 0,
    "updated": 0
  },
  {
    "id": "e233be56-d0d5-4be4-9db3-95ade41065ce",
    "data": [
      {
        "text": "I would like to dine at this restaurant",
        "userDefined": false
      }
    ],
    "isTemplate": false,
    "count": 0,
    "updated": 0
  },
  {
    "id": "97584d76-65ff-4ded-a4c1-e257a1008bba",
    "data": [
      {
        "text": "Add this to calendar",
        "userDefined": false
      }
    ],
    "isTemplate": false,
    "count": 0,
    "updated": 0
  },
  {
    "id": "518a4b6f-38a6-4df7-9d27-fcaa1f61d2d3",
    "data": [
      {
        "text": "Please quit",
        "userDefined": false
      }
    ],
    "isTemplate": false,
    "count": 0,
    "updated": 0
  },
  {
    "id": "968c6ca9-182b-4410-827f-647e4c0e378d",
    "data": [
      {
        "text": "Yes",
        "alias": "Keyword_confirm",
        "meta": "@Keyword_confirm",
        "userDefined": true
      }
    ],
    "isTemplate": false,
    "count": 0,
    "updated": 0
  },
  {
    "id": "8faa0fa6-f194-4d8f-9e8c-fc8563fecfd9",
    "data": [
      {
        "text": "Yes please",
        "userDefined": false
      }
    ],
    "isTemplate": false,
    "count": 0,
    "updated": 0
  },
  {
    "id": "497ec411-cfab-4dbf-8e64-78bc5df6788b",
    "data": [
      {
        "text": "Yes, ",
        "userDefined": false
      },
      {
        "text": "thank you",
        "alias": "Keyword_confirm",
        "meta": "@Keyword_confirm",
        "userDefined": true
      }
    ],
    "isTemplate": false,
    "count": 0,
    "updated": 0
  },
  {
    "id": "474ce41f-1fe1-4100-8950-c516f709061e",
    "data": [
      {
        "text": "Start navigation",
        "userDefined": false
      }
    ],
    "isTemplate": false,
    "count": 0,
    "updated": 0
  },
  {
    "id": "135992fb-2150-4ec8-8764-f0d247012cdd",
    "data": [
      {
        "text": "go",
        "userDefined": false
      }
    ],
    "isTemplate": false,
    "count": 0,
    "updated": 0
  },
  {
    "id": "f92dfd6d-f3a4-4c08-9d07-e5205f9d9a4c",
    "data": [
      {
        "text": "Ok, I like this",
        "userDefined": false
      }
    ],
    "isTemplate": false,
    "count": 0,
    "updated": 0
  },
  {
    "id": "76a49e52-4614-421b-9edc-fc3d5ad0273e",
    "data": [
      {
        "text": "Ok, I like this kind of restaurant",
        "userDefined": false
      }
    ],
    "isTemplate": false,
    "count": 0,
    "updated": 0
  },
  {
    "id": "083cc121-215a-4e6e-a170-c190eedb7285",
    "data": [
      {
        "text": "that\u0027s ",
        "userDefined": false
      },
      {
        "text": "good",
        "alias": "Keyword_confirm",
        "meta": "@Keyword_confirm",
        "userDefined": true
      }
    ],
    "isTemplate": false,
    "count": 0,
    "updated": 0
  },
  {
    "id": "73e979d8-841e-4de2-8ceb-f8f191349436",
    "data": [
      {
        "text": "book for me",
        "userDefined": false
      }
    ],
    "isTemplate": false,
    "count": 0,
    "updated": 0
  },
  {
    "id": "1c38986a-7813-4a72-9541-ec3f7c8816f4",
    "data": [
      {
        "text": "Good job",
        "alias": "Keyword_confirm",
        "meta": "@Keyword_confirm",
        "userDefined": true
      }
    ],
    "isTemplate": false,
    "count": 0,
    "updated": 0
  },
  {
    "id": "4079aae5-fdcd-46fb-81f8-9f341ae58f44",
    "data": [
      {
        "text": "Let\u0027s do it",
        "userDefined": false
      }
    ],
    "isTemplate": false,
    "count": 0,
    "updated": 0
  },
  {
    "id": "b102c94e-b6b5-4103-a8ac-4e55f4c47662",
    "data": [
      {
        "text": "Let\u0027s go",
        "alias": "Keyword_confirm",
        "meta": "@Keyword_confirm",
        "userDefined": true
      }
    ],
    "isTemplate": false,
    "count": 0,
    "updated": 0
  },
  {
    "id": "8d816b83-e4e0-4a8b-bfeb-256274596e7b",
    "data": [
      {
        "text": "I want to go",
        "userDefined": false
      }
    ],
    "isTemplate": false,
    "count": 0,
    "updated": 0
  },
  {
    "id": "22eea5a4-ad58-4aad-bd28-d960607a30a6",
    "data": [
      {
        "text": "take me there",
        "userDefined": false
      }
    ],
    "isTemplate": false,
    "count": 0,
    "updated": 0
  },
  {
    "id": "b5bccdfa-4d2d-485e-8845-cf6d96d81e55",
    "data": [
      {
        "text": "I love this",
        "userDefined": false
      }
    ],
    "isTemplate": false,
    "count": 0,
    "updated": 0
  },
  {
    "id": "b42a8862-2e0d-41d0-8f1b-b3c52a1b3013",
    "data": [
      {
        "text": "I like this ",
        "userDefined": false
      },
      {
        "text": "one",
        "meta": "@sys.ignore",
        "userDefined": false
      }
    ],
    "isTemplate": false,
    "count": 0,
    "updated": 0
  },
  {
    "id": "ef2d30bb-f65c-4939-bd16-ffccca79df23",
    "data": [
      {
        "text": "I think I will take this one",
        "userDefined": false
      }
    ],
    "isTemplate": false,
    "count": 0,
    "updated": 0
  },
  {
    "id": "1e68f12d-57fa-4cdc-8c15-6a7b9d814aee",
    "data": [
      {
        "text": "I would like to go",
        "userDefined": false
      }
    ],
    "isTemplate": false,
    "count": 0,
    "updated": 0
  },
  {
    "id": "b7f81329-02a8-4632-9a7e-499bae7cca63",
    "data": [
      {
        "text": "That\u0027s ",
        "userDefined": false
      },
      {
        "text": "awesome",
        "alias": "Keyword_confirm",
        "meta": "@Keyword_confirm",
        "userDefined": false
      },
      {
        "text": ", how do I get there",
        "userDefined": false
      }
    ],
    "isTemplate": false,
    "count": 0,
    "updated": 0
  },
  {
    "id": "8651ff52-5db1-4dd3-96aa-7683c8ff9d4e",
    "data": [
      {
        "text": "I ",
        "userDefined": false
      },
      {
        "text": "like",
        "meta": "@sys.ignore",
        "userDefined": false
      },
      {
        "text": " it",
        "userDefined": false
      }
    ],
    "isTemplate": false,
    "count": 0,
    "updated": 0
  },
  {
    "id": "9d7fc90a-b4ca-4228-8edc-974c32be004f",
    "data": [
      {
        "text": "Looks good",
        "userDefined": false
      }
    ],
    "isTemplate": false,
    "count": 0,
    "updated": 0
  },
  {
    "id": "60f081be-3182-4823-8232-89a7eb509b4b",
    "data": [
      {
        "text": "Take me to this place",
        "userDefined": false
      }
    ],
    "isTemplate": false,
    "count": 0,
    "updated": 0
  },
  {
    "id": "c9b0acc4-27cc-4e1f-a550-710bb0d17fa1",
    "data": [
      {
        "text": "Yes, this sounds like a good place",
        "userDefined": false
      }
    ],
    "isTemplate": false,
    "count": 0,
    "updated": 0
  },
  {
    "id": "e26343f5-419f-4689-a5cb-0f07505726d2",
    "data": [
      {
        "text": "Yes, I like it",
        "userDefined": false
      }
    ],
    "isTemplate": false,
    "count": 0,
    "updated": 0
  },
  {
    "id": "0a2f7898-3d88-4b81-bac6-844bbe4a92ef",
    "data": [
      {
        "text": "Yes, I would like to try this place",
        "userDefined": false
      }
    ],
    "isTemplate": false,
    "count": 0,
    "updated": 0
  },
  {
    "id": "9f8640f0-3ea3-4269-b6b8-685bf639e54f",
    "data": [
      {
        "text": "I want to try this place.",
        "userDefined": false
      }
    ],
    "isTemplate": false,
    "count": 0,
    "updated": 0
  },
  {
    "id": "5c6d1234-e226-44f8-a2a2-702ba2b68dfb",
    "data": [
      {
        "text": "Yes.",
        "userDefined": false
      }
    ],
    "isTemplate": false,
    "count": 0,
    "updated": 0
  },
  {
    "id": "bdc9ce57-3c6e-4ac5-a7ed-41d3b91c12dc",
    "data": [
      {
        "text": "Add this Thai restaurant to my calendar",
        "userDefined": false
      }
    ],
    "isTemplate": false,
    "count": 0,
    "updated": 0
  },
  {
    "id": "b25230db-f306-4efb-894f-eb9bed102474",
    "data": [
      {
        "text": "I like this place",
        "userDefined": false
      }
    ],
    "isTemplate": false,
    "count": 0,
    "updated": 0
  }
]