[
  {
    "id": "613b3c93-0593-46b2-baaa-44f667f3fe78",
    "data": [
      {
        "text": "Can I try again?",
        "userDefined": false
      }
    ],
    "isTemplate": false,
    "count": 0,
    "updated": 0
  },
  {
    "id": "39e063d4-d88e-4573-b689-b2b18a93d13e",
    "data": [
      {
        "text": "Let\u0027s start over again",
        "userDefined": false
      }
    ],
    "isTemplate": false,
    "count": 0,
    "updated": 0
  },
  {
    "id": "646c130e-aa8a-4666-b59d-549bbf639647",
    "data": [
      {
        "text": "Can I start over",
        "userDefined": false
      }
    ],
    "isTemplate": false,
    "count": 0,
    "updated": 0
  },
  {
    "id": "8d69288a-3cd3-498f-b8c3-5a481853d5ac",
    "data": [
      {
        "text": "reset",
        "userDefined": false
      }
    ],
    "isTemplate": false,
    "count": 0,
    "updated": 0
  },
  {
    "id": "a1eb1451-1c70-4a52-98e7-99b7dc2db865",
    "data": [
      {
        "text": "Clear all preferences",
        "userDefined": false
      }
    ],
    "isTemplate": false,
    "count": 0,
    "updated": 0
  },
  {
    "id": "5f5c18ad-2be4-4b15-9692-544f3b9924a8",
    "data": [
      {
        "text": "Reset my preference",
        "userDefined": false
      }
    ],
    "isTemplate": false,
    "count": 0,
    "updated": 0
  },
  {
    "id": "3977cbe7-9c6e-4c2c-99c8-ef00c379f45f",
    "data": [
      {
        "text": "reset preference",
        "userDefined": false
      }
    ],
    "isTemplate": false,
    "count": 0,
    "updated": 0
  },
  {
    "id": "ee6547d9-a5ae-467a-ae61-194ea66eb27d",
    "data": [
      {
        "text": "I want to reset my preference",
        "userDefined": false
      }
    ],
    "isTemplate": false,
    "count": 0,
    "updated": 0
  },
  {
    "id": "34c2fd0b-46dc-4708-8a4a-233e5b97e430",
    "data": [
      {
        "text": "Clear all my preference",
        "userDefined": false
      }
    ],
    "isTemplate": false,
    "count": 0,
    "updated": 0
  },
  {
    "id": "f14db7c5-358a-4220-9c3b-9c13afea381e",
    "data": [
      {
        "text": "May I clear my previous preference",
        "userDefined": false
      }
    ],
    "isTemplate": false,
    "count": 0,
    "updated": 0
  },
  {
    "id": "3ddd3641-0ddf-4223-89d4-29e043a0b1c2",
    "data": [
      {
        "text": "can i clear my previous preference?",
        "userDefined": false
      }
    ],
    "isTemplate": false,
    "count": 0,
    "updated": 0
  },
  {
    "id": "da4925c0-6de2-4f30-a94d-a61edd54b9e7",
    "data": [
      {
        "text": "clear preference",
        "userDefined": false
      }
    ],
    "isTemplate": false,
    "count": 0,
    "updated": 0
  },
  {
    "id": "df20fb7c-f623-4f78-ad15-6b4a1560d035",
    "data": [
      {
        "text": "I want to clear my previous preference",
        "userDefined": false
      }
    ],
    "isTemplate": false,
    "count": 0,
    "updated": 0
  }
]