[
  {
    "id": "1523ec90-773a-47c2-95c7-7e47e04d881e",
    "data": [
      {
        "text": "DundasYonge",
        "alias": "initialization_intersection",
        "meta": "@initialization_intersection",
        "userDefined": false
      }
    ],
    "isTemplate": false,
    "count": 0,
    "updated": 0
  },
  {
    "id": "f8519bca-f1ac-4d98-a8ac-41d0c068a425",
    "data": [
      {
        "text": "BloorYonge",
        "alias": "initialization_intersection",
        "meta": "@initialization_intersection",
        "userDefined": false
      }
    ],
    "isTemplate": false,
    "count": 0,
    "updated": 0
  },
  {
    "id": "3b7822ef-3d7d-43ef-a623-242a62f4a23a",
    "data": [
      {
        "text": "QueenSpadina",
        "alias": "initialization_intersection",
        "meta": "@initialization_intersection",
        "userDefined": false
      }
    ],
    "isTemplate": false,
    "count": 0,
    "updated": 0
  },
  {
    "id": "ffc85545-595d-4ad3-ab32-1374eccec0c5",
    "data": [
      {
        "text": "SpadinaDundas",
        "alias": "initialization_intersection",
        "meta": "@initialization_intersection",
        "userDefined": true
      }
    ],
    "isTemplate": false,
    "count": 0,
    "updated": 0
  },
  {
    "id": "eaec8c87-b9dc-499c-b601-a761010853fd",
    "data": [
      {
        "text": "BloorBathurst",
        "alias": "initialization_intersection",
        "meta": "@initialization_intersection",
        "userDefined": true
      }
    ],
    "isTemplate": false,
    "count": 0,
    "updated": 0
  },
  {
    "id": "47b3145a-b92e-4f81-9b99-d087bb6b204d",
    "data": [
      {
        "text": "YongeFinch",
        "alias": "initialization_intersection",
        "meta": "@initialization_intersection",
        "userDefined": false
      }
    ],
    "isTemplate": false,
    "count": 0,
    "updated": 0
  }
]