[
  {
    "id": "b90eaed4-5a96-45d8-a612-0b78647d1a44",
    "data": [
      {
        "text": "location initialization",
        "userDefined": false
      }
    ],
    "isTemplate": false,
    "count": 0,
    "updated": 0
  },
  {
    "id": "4210898b-a80c-4f00-8309-7009fb41305d",
    "data": [
      {
        "text": "intersection initialization",
        "userDefined": false
      }
    ],
    "isTemplate": false,
    "count": 0,
    "updated": 0
  },
  {
    "id": "e734a20e-59c2-4ce4-a264-71da3767f26f",
    "data": [
      {
        "text": "set up location initialization",
        "userDefined": false
      }
    ],
    "isTemplate": false,
    "count": 0,
    "updated": 0
  },
  {
    "id": "0327b318-2140-41e3-b2e2-d9b49a93f028",
    "data": [
      {
        "text": "set up intersection initialization",
        "userDefined": false
      }
    ],
    "isTemplate": false,
    "count": 0,
    "updated": 0
  },
  {
    "id": "ea43ebde-21db-4a51-a711-4e96c4cd4b44",
    "data": [
      {
        "text": "set up location",
        "userDefined": false
      }
    ],
    "isTemplate": false,
    "count": 0,
    "updated": 0
  },
  {
    "id": "c7467e83-bec0-4d69-9078-7c2eea597844",
    "data": [
      {
        "text": "Set up intersection",
        "userDefined": false
      }
    ],
    "isTemplate": false,
    "count": 0,
    "updated": 0
  },
  {
    "id": "b7b50780-ebc6-4c12-b88a-b6e4ace14ae7",
    "data": [
      {
        "text": "Initialize location",
        "userDefined": false
      }
    ],
    "isTemplate": false,
    "count": 0,
    "updated": 0
  },
  {
    "id": "f13c4112-4fef-4836-a0ff-1500fa9ae155",
    "data": [
      {
        "text": "Initialize my location",
        "userDefined": false
      }
    ],
    "isTemplate": false,
    "count": 0,
    "updated": 0
  },
  {
    "id": "4f60fe99-d7d2-4059-aacb-fd744ff4e596",
    "data": [
      {
        "text": "Initialize my intersection",
        "userDefined": false
      }
    ],
    "isTemplate": false,
    "count": 0,
    "updated": 0
  },
  {
    "id": "6878f6f5-25a0-4de3-902c-e4a3edfb55a4",
    "data": [
      {
        "text": "Initialize intersection",
        "userDefined": false
      }
    ],
    "isTemplate": false,
    "count": 0,
    "updated": 0
  },
  {
    "id": "b62d18e6-e8a0-4121-bc29-4c22c67ca080",
    "data": [
      {
        "text": "I want to set up where to go",
        "userDefined": false
      }
    ],
    "isTemplate": false,
    "count": 0,
    "updated": 0
  },
  {
    "id": "2ed67761-8536-44bd-9330-b071408f6537",
    "data": [
      {
        "text": "I want to set up where to eat",
        "userDefined": false
      }
    ],
    "isTemplate": false,
    "count": 0,
    "updated": 0
  },
  {
    "id": "aa21da3c-8c41-4013-b08f-ae4c18ecd82c",
    "data": [
      {
        "text": "I want to set up the location",
        "userDefined": false
      }
    ],
    "isTemplate": false,
    "count": 0,
    "updated": 0
  },
  {
    "id": "b6e09629-8585-44b4-964b-261055c2bdd7",
    "data": [
      {
        "text": "I want to set up a location.",
        "userDefined": false
      }
    ],
    "isTemplate": false,
    "count": 0,
    "updated": 0
  },
  {
    "id": "bfc8ff56-f3c3-427f-8f1b-7cb438970659",
    "data": [
      {
        "text": "I want to set up an intersection",
        "userDefined": false
      }
    ],
    "isTemplate": false,
    "count": 0,
    "updated": 0
  },
  {
    "id": "63fa0b0a-cd14-4afd-8d5a-9e4402617630",
    "data": [
      {
        "text": "I want to set up the intersection.",
        "userDefined": false
      }
    ],
    "isTemplate": false,
    "count": 0,
    "updated": 0
  },
  {
    "id": "72e2d967-c958-4eb5-b8b1-2a090606a4b0",
    "data": [
      {
        "text": "I want to set up where I want to eat.",
        "userDefined": false
      }
    ],
    "isTemplate": false,
    "count": 0,
    "updated": 0
  },
  {
    "id": "0e075f42-0298-4dac-aceb-bb8a845bf5f3",
    "data": [
      {
        "text": "I want to set up where I want to go.",
        "userDefined": false
      }
    ],
    "isTemplate": false,
    "count": 0,
    "updated": 0
  },
  {
    "id": "e1243900-c5ab-4649-99c1-09b7fa5a1ceb",
    "data": [
      {
        "text": "I want to set up a location intersection.",
        "userDefined": false
      }
    ],
    "isTemplate": false,
    "count": 0,
    "updated": 0
  },
  {
    "id": "5b5a8307-baaf-4f45-87cb-e837111cdd25",
    "data": [
      {
        "text": "I want to initialize the location intersection.",
        "userDefined": false
      }
    ],
    "isTemplate": false,
    "count": 0,
    "updated": 0
  }
]